StockCode,Description
85034A,3 GARDENIA MORRIS BOXED CANDLES
85034B,3 WHITE CHOC MORRIS BOXED CANDLES
84558A,3D DOG PICTURE PLAYING CARDS
84559B,3D SHEET OF CAT STICKERS
84559A,3D SHEET OF DOG STICKERS
72801C,4 ROSE PINK DINNER CANDLES
72801D,4 SKY BLUE DINNER CANDLES
84989A,75 GREEN FAIRY CAKE CASES
84993A,75 GREEN PETIT FOUR CASES
84884A,ANT WHITE WIRE HEART SPIRAL
84596L,BISCUITS SMALL BOWL LIGHT BLUE
90184C,BLACK CHUNKY BEAD BRACELET W STRAP
90183C,BLACK DROP EARRINGS W LONG BEADS
85114A,BLACK ENCHANTED FOREST PLACEMAT
84661B,BLACK SQUARE TABLE CLOCK
84660B,BLACK STITCHED WALL CLOCK
85014A,BLACK/BLUE POLKADOT UMBRELLA
84997C,BLUE 3 PIECE POLKADOT CUTLERY SET
85049D,BRIGHT BLUES RIBBONS 
85132A,CHARLIE + LOLA BISCUITS TINS
85132C,CHARLIE AND LOLA FIGURES TINS
85132B,CHARLIE AND LOLA TABLE TINS
84031B,CHARLIE LOLA BLUE HOT WATER BOTTLE 
84031A,CHARLIE+LOLA RED HOT WATER BOTTLE 
84997A,CHILDRENS CUTLERY POLKADOT GREEN 
84997B,CHILDRENS CUTLERY RETROSPOT RED 
85036B,CHOCOLATE 1 WICK MORRIS BOX CANDLE
85035B,CHOCOLATE 3 WICK MORRIS BOX CANDLE
85049G,CHOCOLATE BOX RIBBONS 
85231B,CINAMMON SET OF 9 T-LIGHTS
10133,COLOURING PENCILS BROWN TUBE
10135,COLOURING PENCILS BROWN TUBE
72131,COLUMBIAN CANDLE RECTANGLE
72133,COLUMBIAN CANDLE RECTANGLE
72128,COLUMBIAN CANDLE ROUND
72130,COLUMBIAN CANDLE ROUND
48173C,DOORMAT BLACK FLOCK 
85023B,EAU DE NILE JEWELLED PHOTOFRAME
85024B,EAU DE NILE JEWELLED PHOTOFRAME
15056BL,EDWARDIAN PARASOL BLACK
15056N,EDWARDIAN PARASOL NATURAL
15056P,EDWARDIAN PARASOL PINK
35809A,ENAMEL PINK TEA CONTAINER
84030E,ENGLISH ROSE HOT WATER BOTTLE
84536A,ENGLISH ROSE NOTEBOOK A7 SIZE
15060B,FAIRY CAKE DESIGN UMBRELLA
84534B,FAIRY CAKE NOTEBOOK A5 SIZE
84536B,FAIRY CAKES NOTEBOOK A7 SIZE
51014C,"FEATHER PEN,COAL BLACK"
20837,FRENCH FLORAL CUSHION COVER 
20840,FRENCH FLORAL CUSHION COVER 
20835,FRENCH LATTICE CUSHION COVER 
20838,FRENCH LATTICE CUSHION COVER 
79403,FROSTED WHITE BASE 
79406,FROSTED WHITE BASE 
85036A,GARDENIA 1 WICK MORRIS BOXED CANDLE
85035A,GARDENIA 3 WICK MORRIS BOXED CANDLE
85179A,GREEN BITTY LIGHT CHAIN
84970S,HANGING HEART ZINC T-LIGHT HOLDER
47518F,ICON PLACEMAT POP ART ELVIS
85114B,IVORY ENCHANTED FOREST PLACEMAT
85099F,JUMBO BAG STRAWBERRY
85049B,LUSH GREENS RIBBONS
M,Manual
82613A,"METAL SIGN,CUPCAKE SINGLE HOOK"
82613B,"METAL SIGN,CUPCAKE SINGLE HOOK"
82613C,"METAL SIGN,CUPCAKE SINGLE HOOK"
85231G,ORANGE SCENTED SET/9 T-LIGHTS
23040,PAPER LANTERN 9 POINT SNOW STAR
84997D,PINK 3 PIECE POLKADOT CUTLERY SET
47591D,PINK FAIRY CAKE CHILDRENS APRON
47585A,PINK FAIRY CAKE CUSHION COVER
47586A,PINK FAIRY CAKE CUSHION COVER
79329,PINK FLOCK GLASS CANDLEHOLDER
79331,PINK FLOCK GLASS CANDLEHOLDER
35909B,PINK FLOWERS RABBIT EASTER
35910B,PINK FLOWERS RABBIT EASTER
47590B,PINK HAPPY BIRTHDAY BUNTING
84796A,PINK HAWAIIAN PICNIC HAMPER FOR 2
84660C,PINK STITCHED WALL CLOCK
18098C,PORCELAIN BUTTERFLY OIL BURNER
85114C,RED ENCHANTED FOREST PLACEMAT
85014B,RED RETROSPOT UMBRELLA
79066K,RETRO MOD TRAY
79190A,RETRO PLASTIC 70'S TRAY
79192A,RETRO PLASTIC 70'S TRAY
79190D,RETRO PLASTIC DAISY TRAY
79191D,RETRO PLASTIC DAISY TRAY
79190B,RETRO PLASTIC POLKA TRAY
79191B,RETRO PLASTIC POLKA TRAY
85049C,ROMANTIC PINKS RIBBONS 
85035C,ROSE 3 WICK MORRIS BOX CANDLE
72802A,ROSE SCENT CANDLE IN JEWELLED BOX
81952B,ROUND BLUE CLOCK WITH SUCKER
81953B,ROUND BLUE CLOCK WITH SUCKER
85040A,S/4 PINK FLOWER CANDLES IN BOWL
85049E,SCANDINAVIAN REDS RIBBONS
47593B,SCOTTIE DOGS BABY BIB
47591B,SCOTTIES CHILDRENS APRON
84968E,SET OF 16 VINTAGE BLACK CUTLERY
84968D,SET OF 16 VINTAGE RED CUTLERY
84968A,SET OF 16 VINTAGE ROSE CUTLERY
84968F,SET OF 16 VINTAGE SKY BLUE CUTLERY
84510A,SET OF 4 ENGLISH ROSE COASTERS
84509A,SET OF 4 ENGLISH ROSE PLACEMATS
84509B,SET OF 4 FAIRY CAKE PLACEMATS
84509G,SET OF 4 FAIRY CAKE PLACEMATS 
84510E,SET OF 4 GREEN CAROUSEL COASTERS
84510C,SET OF 4 POLKADOT COASTERS
84509C,SET OF 4 POLKADOT PLACEMATS 
72807B,SET/3 OCEAN SCENT CANDLE JEWEL BOX
72807A,SET/3 ROSE CANDLE IN JEWELLED BOX
72807C,SET/3 VANILLA SCENTED CANDLE IN BOX
85039A,SET/4 RED MINI ROSE CANDLE IN BOWL
72349B,SET/6 PURPLE BUTTERFLY T-LIGHTS
72351A,SET/6 TURQUOISE BUTTERFLY T-LIGHTS
84970L,SINGLE HEART ZINC T-LIGHT HOLDER
84596G,SMALL CHOCOLATES PINK BOWL
84596B,SMALL DOLLY MIX DESIGN ORANGE BOWL
84596E,SMALL LICORICE DES PINK BOWL
84596F,SMALL MARSHMALLOWS PINK BOWL
84665,SQUARE CHERRY BLOSSOM CABINET
84666,SQUARE CHERRY BLOSSOM CABINET
23235,STORAGE TIN VINTAGE LEAF
84795B,SUNSET CHECK HAMMOCK
47559B,TEA TIME OVEN GLOVE
47566B,TEA TIME PARTY BUNTING
47570B,TEA TIME TABLE CLOTH
84872A,TEATIME FUNKY FLOWER BACKPACK FOR 2
85049A,TRADITIONAL CHRISTMAS RIBBONS
72802C,VANILLA SCENT CANDLE JEWELLED BOX
82001S,VINYL RECORD FRAME SILVER
40001,WHITE BAMBOO RIBS LAMPSHADE
40003,WHITE BAMBOO RIBS LAMPSHADE
85123A,WHITE HANGING HEART T-LIGHT HOLDER
84661A,WHITE SQUARE TABLE CLOCK
84660A,WHITE STITCHED WALL CLOCK
82494L,WOODEN FRAME ANTIQUE WHITE 
46776B,WOVEN BERRIES CUSHION COVER 
46776A,WOVEN BUBBLE GUM CUSHION COVER
46776E,WOVEN CANDY CUSHION COVER 
46776F,WOVEN ROSE GARDEN CUSHION COVER 
